{"num_settimana":{"0":2,"1":3,"2":4,"3":5,"4":6,"5":7,"6":8,"7":9,"8":10,"9":11,"10":12,"11":13,"12":14,"13":15,"14":16,"15":17,"16":18,"17":19,"18":20,"19":21,"20":22,"21":23,"22":24,"23":25,"24":26,"25":27,"26":28,"27":29,"28":30,"29":31,"30":32,"31":33,"32":34,"33":35,"34":36,"35":37,"36":38,"37":39,"38":40,"39":41,"40":42,"41":43,"42":44,"43":45,"44":46,"45":47,"46":48,"47":49,"48":50,"49":51,"50":52,"51":53,"52":54,"53":55,"54":56,"55":57,"56":58,"57":59,"58":60,"59":61,"60":62,"61":63,"62":64,"63":65,"64":66,"65":67,"66":68,"67":69,"68":70,"69":71,"70":72,"71":73,"72":74,"73":75,"74":76,"75":77},"pos":{"0":0.4484052533,"1":0.4337899543,"2":0.4145873321,"3":0.3954545455,"4":0.4170403587,"5":0.4489247312,"6":0.4165137615,"7":0.4086021505,"8":0.4382022472,"9":0.406175772,"10":0.3923444976,"11":0.3807228916,"12":0.4492099323,"13":0.4048192771,"14":0.4111675127,"15":0.4701030928,"16":0.3770833333,"17":0.4105793451,"18":0.3636363636,"19":0.4158878505,"20":0.497716895,"21":0.4101941748,"22":0.4142581888,"23":0.38647343,"24":0.4490861619,"25":0.432304038,"26":0.4357976654,"27":0.4312865497,"28":0.4113149847,"29":0.4243792325,"30":0.3913043478,"31":0.4236111111,"32":0.3707224335,"33":0.4208144796,"34":0.4069767442,"35":0.4460580913,"36":0.4061930783,"37":0.404040404,"38":0.3468468468,"39":0.4076539101,"40":0.3861892583,"41":0.3788927336,"42":0.4348837209,"43":0.3805825243,"44":0.3697674419,"45":0.4311377246,"46":0.3824228029,"47":0.3960923623,"48":0.3696027634,"49":0.4139433551,"50":0.3768421053,"51":0.4100719424,"52":0.3707865169,"53":0.3796791444,"54":0.3776223776,"55":0.353115727,"56":0.3587174349,"57":0.4187380497,"58":0.3604240283,"59":0.4177583697,"60":0.3859649123,"61":0.4243119266,"62":0.4359861592,"63":0.4143968872,"64":0.4196787149,"65":0.4623655914,"66":0.4120267261,"67":0.3720930233,"68":0.4269230769,"69":0.3830734967,"70":0.3950177936,"71":0.4013605442,"72":0.3694852941,"73":0.4242424242,"74":0.3930885529,"75":0.4249471459},"neg":{"0":0.5515947467,"1":0.5662100457,"2":0.5854126679,"3":0.6045454545,"4":0.5829596413,"5":0.5510752688,"6":0.5834862385,"7":0.5913978495,"8":0.5617977528,"9":0.593824228,"10":0.6076555024,"11":0.6192771084,"12":0.5507900677,"13":0.5951807229,"14":0.5888324873,"15":0.5298969072,"16":0.6229166667,"17":0.5894206549,"18":0.6363636364,"19":0.5841121495,"20":0.502283105,"21":0.5898058252,"22":0.5857418112,"23":0.61352657,"24":0.5509138381,"25":0.567695962,"26":0.5642023346,"27":0.5687134503,"28":0.5886850153,"29":0.5756207675,"30":0.6086956522,"31":0.5763888889,"32":0.6292775665,"33":0.5791855204,"34":0.5930232558,"35":0.5539419087,"36":0.5938069217,"37":0.595959596,"38":0.6531531532,"39":0.5923460899,"40":0.6138107417,"41":0.6211072664,"42":0.5651162791,"43":0.6194174757,"44":0.6302325581,"45":0.5688622754,"46":0.6175771971,"47":0.6039076377,"48":0.6303972366,"49":0.5860566449,"50":0.6231578947,"51":0.5899280576,"52":0.6292134831,"53":0.6203208556,"54":0.6223776224,"55":0.646884273,"56":0.6412825651,"57":0.5812619503,"58":0.6395759717,"59":0.5822416303,"60":0.6140350877,"61":0.5756880734,"62":0.5640138408,"63":0.5856031128,"64":0.5803212851,"65":0.5376344086,"66":0.5879732739,"67":0.6279069767,"68":0.5730769231,"69":0.6169265033,"70":0.6049822064,"71":0.5986394558,"72":0.6305147059,"73":0.5757575758,"74":0.6069114471,"75":0.5750528541}}
