{"num_settimana":{"0":2,"1":3,"2":4,"3":5,"4":6,"5":7,"6":8,"7":9,"8":10,"9":11,"10":12,"11":13,"12":14,"13":15,"14":16,"15":17,"16":18,"17":19,"18":20,"19":21,"20":22,"21":23,"22":24,"23":25,"24":26,"25":27,"26":28,"27":29,"28":30,"29":31,"30":32,"31":33,"32":34,"33":35,"34":36,"35":37,"36":38,"37":39,"38":40,"39":41,"40":42,"41":43,"42":44,"43":45,"44":46,"45":47,"46":48,"47":49,"48":50,"49":51,"50":52,"51":53,"52":54,"53":55,"54":56,"55":57,"56":58,"57":59,"58":60,"59":61,"60":62,"61":63,"62":64,"63":65,"64":66,"65":67,"66":68,"67":69,"68":70,"69":71,"70":72,"71":73,"72":74,"73":75,"74":76,"75":77},"pos":{"0":0.3924050633,"1":0.3619631902,"2":0.3879781421,"3":0.3837209302,"4":0.3391304348,"5":0.3556338028,"6":0.4209039548,"7":0.4090909091,"8":0.378238342,"9":0.3601532567,"10":0.3177570093,"11":0.402173913,"12":0.4,"13":0.3842105263,"14":0.3886255924,"15":0.4306220096,"16":0.4382871537,"17":0.3644444444,"18":0.3367346939,"19":0.3153526971,"20":0.3550295858,"21":0.3333333333,"22":0.2914979757,"23":0.3677419355,"24":0.3913043478,"25":0.3230769231,"26":0.3770491803,"27":0.3392857143,"28":0.3653846154,"29":0.2888888889,"30":0.3134328358,"31":0.2633744856,"32":0.35546875,"33":0.3571428571,"34":0.3319672131,"35":0.4178272981,"36":0.3798882682,"37":0.3642384106,"38":0.3,"39":0.3511450382,"40":0.3288888889,"41":0.3650190114,"42":0.4032786885,"43":0.3755868545,"44":0.3406593407,"45":0.4301075269,"46":0.3439490446,"47":0.4817518248,"48":0.3421052632,"49":0.3949275362,"50":0.3584070796,"51":0.3794642857,"52":0.313253012,"53":0.3585526316,"54":0.3416370107,"55":0.3416506718,"56":0.3692946058,"57":0.3223140496,"58":0.2574850299,"59":0.3509615385,"60":0.313304721,"61":0.3018867925,"62":0.3718592965,"63":0.3607594937,"64":0.2872340426,"65":0.3431372549,"66":0.3832335329,"67":0.3025210084,"68":0.3354978355,"69":0.3511450382,"70":0.3436692506,"71":0.3824451411,"72":0.3728222997,"73":0.3292682927,"74":0.3507853403,"75":0.2869198312},"neg":{"0":0.6075949367,"1":0.6380368098,"2":0.6120218579,"3":0.6162790698,"4":0.6608695652,"5":0.6443661972,"6":0.5790960452,"7":0.5909090909,"8":0.621761658,"9":0.6398467433,"10":0.6822429907,"11":0.597826087,"12":0.6,"13":0.6157894737,"14":0.6113744076,"15":0.5693779904,"16":0.5617128463,"17":0.6355555556,"18":0.6632653061,"19":0.6846473029,"20":0.6449704142,"21":0.6666666667,"22":0.7085020243,"23":0.6322580645,"24":0.6086956522,"25":0.6769230769,"26":0.6229508197,"27":0.6607142857,"28":0.6346153846,"29":0.7111111111,"30":0.6865671642,"31":0.7366255144,"32":0.64453125,"33":0.6428571429,"34":0.6680327869,"35":0.5821727019,"36":0.6201117318,"37":0.6357615894,"38":0.7,"39":0.6488549618,"40":0.6711111111,"41":0.6349809886,"42":0.5967213115,"43":0.6244131455,"44":0.6593406593,"45":0.5698924731,"46":0.6560509554,"47":0.5182481752,"48":0.6578947368,"49":0.6050724638,"50":0.6415929204,"51":0.6205357143,"52":0.686746988,"53":0.6414473684,"54":0.6583629893,"55":0.6583493282,"56":0.6307053942,"57":0.6776859504,"58":0.7425149701,"59":0.6490384615,"60":0.686695279,"61":0.6981132075,"62":0.6281407035,"63":0.6392405063,"64":0.7127659574,"65":0.6568627451,"66":0.6167664671,"67":0.6974789916,"68":0.6645021645,"69":0.6488549618,"70":0.6563307494,"71":0.6175548589,"72":0.6271777003,"73":0.6707317073,"74":0.6492146597,"75":0.7130801688}}
