{"num_settimana":{"0":2,"1":3,"2":4,"3":5,"4":6,"5":7,"6":8,"7":9,"8":10,"9":11,"10":12,"11":13,"12":14,"13":15,"14":16,"15":17,"16":18,"17":19,"18":20,"19":21,"20":22,"21":23,"22":24,"23":25,"24":26,"25":27,"26":28,"27":29,"28":30,"29":31,"30":32,"31":33,"32":34,"33":35,"34":36,"35":37,"36":38,"37":39,"38":40,"39":41,"40":42,"41":43,"42":44,"43":45,"44":46,"45":47,"46":48,"47":49,"48":50,"49":51,"50":52,"51":53,"52":54,"53":55,"54":56,"55":56,"56":58,"57":59,"58":60,"59":61,"60":62,"61":63,"62":64,"63":65,"64":66,"65":67,"66":68,"67":69,"68":70,"69":71,"70":72,"71":73,"72":74,"73":75,"74":76,"75":77},"pos":{"0":0.3265306122,"1":0.3256814921,"2":0.3034482759,"3":0.3324675325,"4":0.320754717,"5":0.2897727273,"6":0.3242009132,"7":0.3022636485,"8":0.3259052925,"9":0.3351800554,"10":0.3425414365,"11":0.3168604651,"12":0.3455571227,"13":0.327027027,"14":0.3365921788,"15":0.3323741007,"16":0.3094910591,"17":0.2933753943,"18":0.2932761087,"19":0.3230088496,"20":0.3496296296,"21":0.3132183908,"22":0.3455098935,"23":0.3252173913,"24":0.3358662614,"25":0.2965299685,"26":0.3168449198,"27":0.3161764706,"28":0.3133971292,"29":0.3144475921,"30":0.2990897269,"31":0.3252427184,"32":0.295958279,"33":0.3261964736,"34":0.3196286472,"35":0.3433476395,"36":0.2878338279,"37":0.3046062407,"38":0.2951048951,"39":0.2942857143,"40":0.3022556391,"41":0.3463281958,"42":0.3361227336,"43":0.2954545455,"44":0.3384094755,"45":0.2975077882,"46":0.3074433657,"47":0.2964071856,"48":0.302189781,"49":0.3026706231,"50":0.3499288762,"51":0.308411215,"52":0.328,"53":0.317617866,"54":0.3025751073,"55":0.3025751073,"56":0.3064903846,"57":0.3177257525,"58":0.3108433735,"59":0.3103015075,"60":0.2992424242,"61":0.3342816501,"62":0.3233618234,"63":0.353021978,"64":0.2795275591,"65":0.3026960784,"66":0.3337612323,"67":0.3014804845,"68":0.3051948052,"69":0.3258145363,"70":0.3030674847,"71":0.303652968,"72":0.3301088271,"73":0.3060959792,"74":0.2932996207,"75":0.3052763819},"neg":{"0":0.6734693878,"1":0.6743185079,"2":0.6965517241,"3":0.6675324675,"4":0.679245283,"5":0.7102272727,"6":0.6757990868,"7":0.6977363515,"8":0.6740947075,"9":0.6648199446,"10":0.6574585635,"11":0.6831395349,"12":0.6544428773,"13":0.672972973,"14":0.6634078212,"15":0.6676258993,"16":0.6905089409,"17":0.7066246057,"18":0.7067238913,"19":0.6769911504,"20":0.6503703704,"21":0.6867816092,"22":0.6544901065,"23":0.6747826087,"24":0.6641337386,"25":0.7034700315,"26":0.6831550802,"27":0.6838235294,"28":0.6866028708,"29":0.6855524079,"30":0.7009102731,"31":0.6747572816,"32":0.704041721,"33":0.6738035264,"34":0.6803713528,"35":0.6566523605,"36":0.7121661721,"37":0.6953937593,"38":0.7048951049,"39":0.7057142857,"40":0.6977443609,"41":0.6536718042,"42":0.6638772664,"43":0.7045454545,"44":0.6615905245,"45":0.7024922118,"46":0.6925566343,"47":0.7035928144,"48":0.697810219,"49":0.6973293769,"50":0.6500711238,"51":0.691588785,"52":0.672,"53":0.682382134,"54":0.6974248927,"55":0.6974248927,"56":0.6935096154,"57":0.6822742475,"58":0.6891566265,"59":0.6896984925,"60":0.7007575758,"61":0.6657183499,"62":0.6766381766,"63":0.646978022,"64":0.7204724409,"65":0.6973039216,"66":0.6662387677,"67":0.6985195155,"68":0.6948051948,"69":0.6741854637,"70":0.6969325153,"71":0.696347032,"72":0.6698911729,"73":0.6939040208,"74":0.7067003793,"75":0.6947236181}}
